imdb_id,title,year,top250_rank,shorthand,source_url,clean_html_path,json_path,director,locations,image_count
tt0022100,M,1931,147,M,http://www.movie-locations.com/movies/m/M.php,/Users/pleiadesm./Downloads/IMDB-Terminal/IMDB/movie_locations_corpus/html/tt0022100 - M.html,/Users/pleiadesm./Downloads/IMDB-Terminal/IMDB/movie_locations_corpus/json/tt0022100.json,Fritz Lang,Germany,1
tt0031381,Gone With The Wind,1939,202,Gone-With-The-Wind,http://www.movie-locations.com/movies/g/Gone-With-The-Wind.php,/Users/pleiadesm./Downloads/IMDB-Terminal/IMDB/movie_locations_corpus/html/tt0031381 - Gone-With-The-Wind.html,/Users/pleiadesm./Downloads/IMDB-Terminal/IMDB/movie_locations_corpus/json/tt0031381.json,Victor Fleming | George Cukor | Sam Wood,"Los Angeles, California; | Arkansas",3
tt0032553,The Great Dictator,1940,97,Great-Dictator,http://www.movie-locations.com/movies/g/Great-Dictator.php,/Users/pleiadesm./Downloads/IMDB-Terminal/IMDB/movie_locations_corpus/html/tt0032553 - Great-Dictator.html,/Users/pleiadesm./Downloads/IMDB-Terminal/IMDB/movie_locations_corpus/json/tt0032553.json,Charles Chaplin,"Los Angeles, California",2
tt0033467,Citizen Kane,1941,198,Citizen-Kane,http://www.movie-locations.com/movies/c/Citizen-Kane.php,/Users/pleiadesm./Downloads/IMDB-Terminal/IMDB/movie_locations_corpus/html/tt0033467 - Citizen-Kane.html,/Users/pleiadesm./Downloads/IMDB-Terminal/IMDB/movie_locations_corpus/json/tt0033467.json,Orson Welles,"Los Angeles, California",6
tt0034583,Casablanca,1942,61,Casablanca,http://www.movie-locations.com/movies/c/Casablanca.php,/Users/pleiadesm./Downloads/IMDB-Terminal/IMDB/movie_locations_corpus/html/tt0034583 - Casablanca.html,/Users/pleiadesm./Downloads/IMDB-Terminal/IMDB/movie_locations_corpus/json/tt0034583.json,Michael Curtiz,"Los Angeles, California",2
tt0036775,Double Indemnity,1944,148,Double-Indemnity,http://www.movie-locations.com/movies/d/Double-Indemnity.php,/Users/pleiadesm./Downloads/IMDB-Terminal/IMDB/movie_locations_corpus/html/tt0036775 - Double-Indemnity.html,/Users/pleiadesm./Downloads/IMDB-Terminal/IMDB/movie_locations_corpus/json/tt0036775.json,Billy Wilder,"Los Angeles, California",2
tt0038650,It's A Wonderful Life,1946,37,Its-A-Wonderful-Life,http://www.movie-locations.com/movies/i/Its-A-Wonderful-Life.php,/Users/pleiadesm./Downloads/IMDB-Terminal/IMDB/movie_locations_corpus/html/tt0038650 - Its-A-Wonderful-Life.html,/Users/pleiadesm./Downloads/IMDB-Terminal/IMDB/movie_locations_corpus/json/tt0038650.json,Frank Capra,"Los Angeles, California",3
tt0042192,All About Eve,1950,217,All-About-Eve,http://www.movie-locations.com/movies/a/All-About-Eve.php,/Users/pleiadesm./Downloads/IMDB-Terminal/IMDB/movie_locations_corpus/html/tt0042192 - All-About-Eve.html,/Users/pleiadesm./Downloads/IMDB-Terminal/IMDB/movie_locations_corpus/json/tt0042192.json,Joseph L Mankiewicz,"Los Angeles, California | San Francisco, California | New York; | Connecticut",4
tt0047396,Rear Window,1954,91,Rear-Window,http://www.movie-locations.com/movies/r/Rear-Window.php,/Users/pleiadesm./Downloads/IMDB-Terminal/IMDB/movie_locations_corpus/html/tt0047396 - Rear-Window.html,/Users/pleiadesm./Downloads/IMDB-Terminal/IMDB/movie_locations_corpus/json/tt0047396.json,Alfred Hitchcock,"Los Angeles, California",1
tt0050083,12 Angry Men,1987,9,12-Angry-Men,http://www.movie-locations.com/movies/0/12-Angry-Men.php,/Users/pleiadesm./Downloads/IMDB-Terminal/IMDB/movie_locations_corpus/html/tt0050083 - 12-Angry-Men.html,/Users/pleiadesm./Downloads/IMDB-Terminal/IMDB/movie_locations_corpus/json/tt0050083.json,Sidney Lumet,New York,2
tt0050825,Paths Of Glory,1957,98,Paths-Of-Glory,http://www.movie-locations.com/movies/p/Paths-Of-Glory.php,/Users/pleiadesm./Downloads/IMDB-Terminal/IMDB/movie_locations_corpus/html/tt0050825 - Paths-Of-Glory.html,/Users/pleiadesm./Downloads/IMDB-Terminal/IMDB/movie_locations_corpus/json/tt0050825.json,Stanley Kubrick,Germany,2
tt0053125,North By Northwest,1959,137,North-By-Northwest,http://www.movie-locations.com/movies/n/North-By-Northwest.php,/Users/pleiadesm./Downloads/IMDB-Terminal/IMDB/movie_locations_corpus/html/tt0053125 - North-By-Northwest.html,/Users/pleiadesm./Downloads/IMDB-Terminal/IMDB/movie_locations_corpus/json/tt0053125.json,Alfred Hitchcock,New York City; | New York State; | Chicago; | South Dakota; | California,5
tt0053291,Some Like It Hot,1959,204,Some-Like-It-Hot,http://www.movie-locations.com/movies/s/Some-Like-It-Hot.php,/Users/pleiadesm./Downloads/IMDB-Terminal/IMDB/movie_locations_corpus/html/tt0053291 - Some-Like-It-Hot.html,/Users/pleiadesm./Downloads/IMDB-Terminal/IMDB/movie_locations_corpus/json/tt0053291.json,Billy Wilder,California,2
tt0053604,The Apartment,1960,146,Apartment-1960,http://www.movie-locations.com/movies/a/Apartment-1960.php,/Users/pleiadesm./Downloads/IMDB-Terminal/IMDB/movie_locations_corpus/html/tt0053604 - Apartment-1960.html,/Users/pleiadesm./Downloads/IMDB-Terminal/IMDB/movie_locations_corpus/json/tt0053604.json,Billy Wilder,"New York; | Los Angeles, California",1
tt0054215,Psycho,1960,60,Psycho-1960,http://www.movie-locations.com/movies/p/Psycho-1960.php,/Users/pleiadesm./Downloads/IMDB-Terminal/IMDB/movie_locations_corpus/html/tt0054215 - Psycho-1960.html,/Users/pleiadesm./Downloads/IMDB-Terminal/IMDB/movie_locations_corpus/json/tt0054215.json,Alfred Hitchcock,"Los Angeles, California; | Arizona",4
tt0056172,Lawrence Of Arabia,1962,138,Lawrence-Of-Arabia,http://www.movie-locations.com/movies/l/Lawrence-Of-Arabia.php,/Users/pleiadesm./Downloads/IMDB-Terminal/IMDB/movie_locations_corpus/html/tt0056172 - Lawrence-Of-Arabia.html,/Users/pleiadesm./Downloads/IMDB-Terminal/IMDB/movie_locations_corpus/json/tt0056172.json,David Lean,Jordan; | Spain; | Morocco; | London; | Surrey; | California,9
tt0056592,To Kill A Mockingbird,1962,203,To-Kill-A-Mockingbird,http://www.movie-locations.com/movies/t/To-Kill-A-Mockingbird.php,/Users/pleiadesm./Downloads/IMDB-Terminal/IMDB/movie_locations_corpus/html/tt0056592 - To-Kill-A-Mockingbird.html,/Users/pleiadesm./Downloads/IMDB-Terminal/IMDB/movie_locations_corpus/json/tt0056592.json,Robert Mulligan,"Los Angeles, California; | Alabama",2
tt0057115,The Great Escape,1963,208,Great-Escape,http://www.movie-locations.com/movies/g/Great-Escape.php,/Users/pleiadesm./Downloads/IMDB-Terminal/IMDB/movie_locations_corpus/html/tt0057115 - Great-Escape.html,/Users/pleiadesm./Downloads/IMDB-Terminal/IMDB/movie_locations_corpus/json/tt0057115.json,John Sturges,Germany,2
tt0062622,2001: A Space Odyssey,1968,131,2001-A-Space-Odyssey,http://www.movie-locations.com/movies/0/2001-A-Space-Odyssey.php,/Users/pleiadesm./Downloads/IMDB-Terminal/IMDB/movie_locations_corpus/html/tt0062622 - 2001-A-Space-Odyssey.html,/Users/pleiadesm./Downloads/IMDB-Terminal/IMDB/movie_locations_corpus/json/tt0062622.json,Stanley Kubrick,Namibia | Arizona | Scotland | Hertfordshire,2
tt0066921,A Clockwork Orange,1971,185,Clockwork-Orange,http://www.movie-locations.com/movies/c/Clockwork-Orange.php,/Users/pleiadesm./Downloads/IMDB-Terminal/IMDB/movie_locations_corpus/html/tt0066921 - Clockwork-Orange.html,/Users/pleiadesm./Downloads/IMDB-Terminal/IMDB/movie_locations_corpus/json/tt0066921.json,Stanley Kubrick,Greater London; Hertfordshire; Buckinghamshire; Oxfordshire,11
tt0068646,The Godfather,1972,2,Godfather,http://www.movie-locations.com/movies/g/Godfather.php,/Users/pleiadesm./Downloads/IMDB-Terminal/IMDB/movie_locations_corpus/html/tt0068646 - Godfather.html,/Users/pleiadesm./Downloads/IMDB-Terminal/IMDB/movie_locations_corpus/json/tt0068646.json,Francis Ford Coppola,"New York; | Los Angeles, California; | Nevada; | Italy",20
tt0070735,The Sting,1973,205,Sting-1973,http://www.movie-locations.com/movies/s/Sting-1973.php,/Users/pleiadesm./Downloads/IMDB-Terminal/IMDB/movie_locations_corpus/html/tt0070735 - Sting-1973.html,/Users/pleiadesm./Downloads/IMDB-Terminal/IMDB/movie_locations_corpus/json/tt0070735.json,George Roy Hill,"Chicago, Illinois; | Los Angeles, California",3
tt0071562,The Godfather Part II,1974,8,Godfather-2,http://www.movie-locations.com/movies/g/Godfather-2.php,/Users/pleiadesm./Downloads/IMDB-Terminal/IMDB/movie_locations_corpus/html/tt0071562 - Godfather-2.html,/Users/pleiadesm./Downloads/IMDB-Terminal/IMDB/movie_locations_corpus/json/tt0071562.json,Francis Ford Coppola,New York; | California; | Nevada; | Florida; | Italy; | Dominican Republic,4
tt0073486,One Flew Over The Cuckoo's Nest,1975,33,One-Flew-Over-The-Cuckoos-Nest,http://www.movie-locations.com/movies/o/One-Flew-Over-The-Cuckoos-Nest.php,/Users/pleiadesm./Downloads/IMDB-Terminal/IMDB/movie_locations_corpus/html/tt0073486 - One-Flew-Over-The-Cuckoos-Nest.html,/Users/pleiadesm./Downloads/IMDB-Terminal/IMDB/movie_locations_corpus/json/tt0073486.json,Milos Forman,Oregon,2
tt0075314,Taxi Driver,1976,182,Taxi-Driver,http://www.movie-locations.com/movies/t/Taxi-Driver.php,/Users/pleiadesm./Downloads/IMDB-Terminal/IMDB/movie_locations_corpus/html/tt0075314 - Taxi-Driver.html,/Users/pleiadesm./Downloads/IMDB-Terminal/IMDB/movie_locations_corpus/json/tt0075314.json,Martin Scorsese,New York,5
tt0078748,Alien,1979,57,Alien,http://www.movie-locations.com/movies/a/Alien.php,/Users/pleiadesm./Downloads/IMDB-Terminal/IMDB/movie_locations_corpus/html/tt0078748 - Alien.html,/Users/pleiadesm./Downloads/IMDB-Terminal/IMDB/movie_locations_corpus/json/tt0078748.json,Ridley Scott,Surrey; | Berkshire; | London,1
tt0078788,Apocalypse Now,1979,88,Apocalypse-Now,http://www.movie-locations.com/movies/a/Apocalypse-Now.php,/Users/pleiadesm./Downloads/IMDB-Terminal/IMDB/movie_locations_corpus/html/tt0078788 - Apocalypse-Now.html,/Users/pleiadesm./Downloads/IMDB-Terminal/IMDB/movie_locations_corpus/json/tt0078788.json,Francis Ford Coppola,Philippines,1
tt0080678,The Elephant Man,1980,207,Elephant-Man,http://www.movie-locations.com/movies/e/Elephant-Man.php,/Users/pleiadesm./Downloads/IMDB-Terminal/IMDB/movie_locations_corpus/html/tt0080678 - Elephant-Man.html,/Users/pleiadesm./Downloads/IMDB-Terminal/IMDB/movie_locations_corpus/json/tt0080678.json,David Lynch,London,3
tt0080684,Star Wars Episode V: The Empire Strikes Back,1980,23,Star-Wars-5-The-Empire-Strikes-Back,http://www.movie-locations.com/movies/s/Star-Wars-5-The-Empire-Strikes-Back.php,/Users/pleiadesm./Downloads/IMDB-Terminal/IMDB/movie_locations_corpus/html/tt0080684 - Star-Wars-5-The-Empire-Strikes-Back.html,/Users/pleiadesm./Downloads/IMDB-Terminal/IMDB/movie_locations_corpus/json/tt0080684.json,Irvin Kershner,Norway; | Hertfordshire,2
tt0081505,The Shining,1980,83,Shining-1980,http://www.movie-locations.com/movies/s/Shining-1980.php,/Users/pleiadesm./Downloads/IMDB-Terminal/IMDB/movie_locations_corpus/html/tt0081505 - Shining-1980.html,/Users/pleiadesm./Downloads/IMDB-Terminal/IMDB/movie_locations_corpus/json/tt0081505.json,Stanley Kubrick,Oregon; | Montana,2
tt0082971,Raiders Of The Lost Ark,1981,85,Raiders-Of-The-Lost-Ark,http://www.movie-locations.com/movies/r/Raiders-Of-The-Lost-Ark.php,/Users/pleiadesm./Downloads/IMDB-Terminal/IMDB/movie_locations_corpus/html/tt0082971 - Raiders-Of-The-Lost-Ark.html,/Users/pleiadesm./Downloads/IMDB-Terminal/IMDB/movie_locations_corpus/json/tt0082971.json,Steven Spielberg,Tunisia; | Hawaii; | California; | Hertfordshire; | France,6
tt0084787,The Thing,1982,196,Thing-1982,http://www.movie-locations.com/movies/t/Thing-1982.php,/Users/pleiadesm./Downloads/IMDB-Terminal/IMDB/movie_locations_corpus/html/tt0084787 - Thing-1982.html,/Users/pleiadesm./Downloads/IMDB-Terminal/IMDB/movie_locations_corpus/json/tt0084787.json,John Carpenter,"British Columbia; | Alaska; | Los Angeles, California",2
tt0086190,Star Wars Episode VI: Return Of The Jedi,1983,121,Star-Wars-6-Return-Of-The-Jedi,http://www.movie-locations.com/movies/s/Star-Wars-6-Return-Of-The-Jedi.php,/Users/pleiadesm./Downloads/IMDB-Terminal/IMDB/movie_locations_corpus/html/tt0086190 - Star-Wars-6-Return-Of-The-Jedi.html,/Users/pleiadesm./Downloads/IMDB-Terminal/IMDB/movie_locations_corpus/json/tt0086190.json,Richard Marquand,California; | Arizona; | Hertfordshire,3
tt0086250,Scarface,1983,126,Scarface-1983,http://www.movie-locations.com/movies/s/Scarface-1983.php,/Users/pleiadesm./Downloads/IMDB-Terminal/IMDB/movie_locations_corpus/html/tt0086250 - Scarface-1983.html,/Users/pleiadesm./Downloads/IMDB-Terminal/IMDB/movie_locations_corpus/json/tt0086250.json,Brian de Palma,"Los Angeles, California; | Florida; | New York",5
tt0086879,Amadeus,1984,93,Amadeus,http://www.movie-locations.com/movies/a/Amadeus.php,/Users/pleiadesm./Downloads/IMDB-Terminal/IMDB/movie_locations_corpus/html/tt0086879 - Amadeus.html,/Users/pleiadesm./Downloads/IMDB-Terminal/IMDB/movie_locations_corpus/json/tt0086879.json,Milos Forman,"Prague, Czech Republic",15
tt0087843,Once Upon A Time In America,1983,136,Once-Upon-A-Time-In-America,http://www.movie-locations.com/movies/o/Once-Upon-A-Time-In-America.php,/Users/pleiadesm./Downloads/IMDB-Terminal/IMDB/movie_locations_corpus/html/tt0087843 - Once-Upon-A-Time-In-America.html,/Users/pleiadesm./Downloads/IMDB-Terminal/IMDB/movie_locations_corpus/json/tt0087843.json,Sergio Leone,"New York; | New Jersey; | Florida; | Italy; | Paris, France; | Quebec",4
tt0088763,Back To The Future,1985,50,Back-To-The-Future,http://www.movie-locations.com/movies/b/Back-To-The-Future.php,/Users/pleiadesm./Downloads/IMDB-Terminal/IMDB/movie_locations_corpus/html/tt0088763 - Back-To-The-Future.html,/Users/pleiadesm./Downloads/IMDB-Terminal/IMDB/movie_locations_corpus/json/tt0088763.json,Robert Zemeckis,"Los Angeles, California",8
tt0090605,Aliens,1986,86,Aliens,http://www.movie-locations.com/movies/a/Aliens.php,/Users/pleiadesm./Downloads/IMDB-Terminal/IMDB/movie_locations_corpus/html/tt0090605 - Aliens.html,/Users/pleiadesm./Downloads/IMDB-Terminal/IMDB/movie_locations_corpus/json/tt0090605.json,James Cameron,Buckinghamshire; | London,1
tt0093058,Full Metal Jacket,1987,189,Full-Metal-Jacket,http://www.movie-locations.com/movies/f/Full-Metal-Jacket.php,/Users/pleiadesm./Downloads/IMDB-Terminal/IMDB/movie_locations_corpus/html/tt0093058 - Full-Metal-Jacket.html,/Users/pleiadesm./Downloads/IMDB-Terminal/IMDB/movie_locations_corpus/json/tt0093058.json,Stanley Kubrick,London; | Cambridgeshire; | Norfolk,3
tt0095016,Die Hard,1988,181,Die-Hard,http://www.movie-locations.com/movies/d/Die-Hard.php,/Users/pleiadesm./Downloads/IMDB-Terminal/IMDB/movie_locations_corpus/html/tt0095016 - Die-Hard.html,/Users/pleiadesm./Downloads/IMDB-Terminal/IMDB/movie_locations_corpus/json/tt0095016.json,John McTiernan,"Los Angeles, California",2
tt0095765,Cinema Paradiso,1988,66,Cinema-Paradiso,http://www.movie-locations.com/movies/c/Cinema-Paradiso.php,/Users/pleiadesm./Downloads/IMDB-Terminal/IMDB/movie_locations_corpus/html/tt0095765 - Cinema-Paradiso.html,/Users/pleiadesm./Downloads/IMDB-Terminal/IMDB/movie_locations_corpus/json/tt0095765.json,Giuseppe Tornatore,Italy,4
tt0097576,Indiana Jones And The Last Crusade,1989,187,Indiana-Jones-And-The-Last-Crusade,http://www.movie-locations.com/movies/i/Indiana-Jones-And-The-Last-Crusade.php,/Users/pleiadesm./Downloads/IMDB-Terminal/IMDB/movie_locations_corpus/html/tt0097576 - Indiana-Jones-And-The-Last-Crusade.html,/Users/pleiadesm./Downloads/IMDB-Terminal/IMDB/movie_locations_corpus/json/tt0097576.json,Steven Spielberg,Utah; | Colorado; | California; | Texas; | Italy; | Jordan; | Spain; | Buckinghamshire; | Hertfordshire; | Essex; | London,19
tt0099685,Goodfellas,1990,24,Goodfellas,http://www.movie-locations.com/movies/g/Goodfellas.php,/Users/pleiadesm./Downloads/IMDB-Terminal/IMDB/movie_locations_corpus/html/tt0099685 - Goodfellas.html,/Users/pleiadesm./Downloads/IMDB-Terminal/IMDB/movie_locations_corpus/json/tt0099685.json,Martin Scorsese,New York; | New Jersey,14
tt0102926,The Silence Of The Lambs,1991,28,Silence-Of-The-Lambs,http://www.movie-locations.com/movies/s/Silence-Of-The-Lambs.php,/Users/pleiadesm./Downloads/IMDB-Terminal/IMDB/movie_locations_corpus/html/tt0102926 - Silence-Of-The-Lambs.html,/Users/pleiadesm./Downloads/IMDB-Terminal/IMDB/movie_locations_corpus/json/tt0102926.json,Jonathan Demme,"Pittsburgh, Pennsylvania; | Virginia; | Bahamas",3
tt0103064,Terminator 2: Judgment Day,1991,32,Terminator-2,http://www.movie-locations.com/movies/t/Terminator-2.php,/Users/pleiadesm./Downloads/IMDB-Terminal/IMDB/movie_locations_corpus/html/tt0103064 - Terminator-2.html,/Users/pleiadesm./Downloads/IMDB-Terminal/IMDB/movie_locations_corpus/json/tt0103064.json,James Cameron,"Los Angeles, California",7
tt0105236,Reservoir Dogs,1992,124,Reservoir-Dogs,http://www.movie-locations.com/movies/r/Reservoir-Dogs.php,/Users/pleiadesm./Downloads/IMDB-Terminal/IMDB/movie_locations_corpus/html/tt0105236 - Reservoir-Dogs.html,/Users/pleiadesm./Downloads/IMDB-Terminal/IMDB/movie_locations_corpus/json/tt0105236.json,Quentin Tarantino,"Los Angeles, California",17
tt0107290,Jurassic Park,1993,178,Jurassic-Park,http://www.movie-locations.com/movies/j/Jurassic-Park.php,/Users/pleiadesm./Downloads/IMDB-Terminal/IMDB/movie_locations_corpus/html/tt0107290 - Jurassic-Park.html,/Users/pleiadesm./Downloads/IMDB-Terminal/IMDB/movie_locations_corpus/json/tt0107290.json,Steven Spielberg,Hawaii; | California,3
tt0109830,Forrest Gump,1994,16,Forrest-Gump,http://www.movie-locations.com/movies/f/Forrest-Gump.php,/Users/pleiadesm./Downloads/IMDB-Terminal/IMDB/movie_locations_corpus/html/tt0109830 - Forrest-Gump.html,/Users/pleiadesm./Downloads/IMDB-Terminal/IMDB/movie_locations_corpus/json/tt0109830.json,Robert Zemeckis,"South Carolina; | North Carolina; | Georgia; | Washington DC; | Los Angeles, California; | Arizona; | Maine; | Montana",10
tt0110413,LÉon – The Professional,1994,51,Leon,http://www.movie-locations.com/movies/l/Leon.php,/Users/pleiadesm./Downloads/IMDB-Terminal/IMDB/movie_locations_corpus/html/tt0110413 - Leon.html,/Users/pleiadesm./Downloads/IMDB-Terminal/IMDB/movie_locations_corpus/json/tt0110413.json,Luc Besson,"New York; | New Jersey; | Paris, France",6
tt0111161,The Shawshank Redemption,1994,1,Shawshank-Redemption,http://www.movie-locations.com/movies/s/Shawshank-Redemption.php,/Users/pleiadesm./Downloads/IMDB-Terminal/IMDB/movie_locations_corpus/html/tt0111161 - Shawshank-Redemption.html,/Users/pleiadesm./Downloads/IMDB-Terminal/IMDB/movie_locations_corpus/json/tt0111161.json,Frank Darabont,Ohio; | Virgin Islands,12
tt0112573,Braveheart,1995,125,Braveheart,http://www.movie-locations.com/movies/b/Braveheart.php,/Users/pleiadesm./Downloads/IMDB-Terminal/IMDB/movie_locations_corpus/html/tt0112573 - Braveheart.html,/Users/pleiadesm./Downloads/IMDB-Terminal/IMDB/movie_locations_corpus/json/tt0112573.json,Mel Gibson,Republic of Ireland; Scotland,5
tt0112641,Casino,1997,195,Casino-1995,http://www.movie-locations.com/movies/c/Casino-1995.php,/Users/pleiadesm./Downloads/IMDB-Terminal/IMDB/movie_locations_corpus/html/tt0112641 - Casino-1995.html,/Users/pleiadesm./Downloads/IMDB-Terminal/IMDB/movie_locations_corpus/json/tt0112641.json,Martin Scorsese,Nevada,5
tt0113277,Heat,1995,130,Heat,http://www.movie-locations.com/movies/h/Heat.php,/Users/pleiadesm./Downloads/IMDB-Terminal/IMDB/movie_locations_corpus/html/tt0113277 - Heat.html,/Users/pleiadesm./Downloads/IMDB-Terminal/IMDB/movie_locations_corpus/json/tt0113277.json,Michael Mann,"Los Angeles, California",21
tt0119217,Good Will Hunting,1997,84,Good-Will-Hunting,http://www.movie-locations.com/movies/g/Good-Will-Hunting.php,/Users/pleiadesm./Downloads/IMDB-Terminal/IMDB/movie_locations_corpus/html/tt0119217 - Good-Will-Hunting.html,/Users/pleiadesm./Downloads/IMDB-Terminal/IMDB/movie_locations_corpus/json/tt0119217.json,Gus Van Sant,"Boston, Massachusetts; | Toronto, Ontario;",7
tt0119488,L.A. Confidential,1997,194,LA-Confidential,http://www.movie-locations.com/movies/l/LA-Confidential.php,/Users/pleiadesm./Downloads/IMDB-Terminal/IMDB/movie_locations_corpus/html/tt0119488 - LA-Confidential.html,/Users/pleiadesm./Downloads/IMDB-Terminal/IMDB/movie_locations_corpus/json/tt0119488.json,Curtis Hanson,"Los Angeles, California",25
tt0120382,The Truman Show,1998,174,Truman-Show,http://www.movie-locations.com/movies/t/Truman-Show.php,/Users/pleiadesm./Downloads/IMDB-Terminal/IMDB/movie_locations_corpus/html/tt0120382 - Truman-Show.html,/Users/pleiadesm./Downloads/IMDB-Terminal/IMDB/movie_locations_corpus/json/tt0120382.json,Peter Weir,Florida,2
tt0120586,American History X,1998,52,American-History-X,http://www.movie-locations.com/movies/a/American-History-X.php,/Users/pleiadesm./Downloads/IMDB-Terminal/IMDB/movie_locations_corpus/html/tt0120586 - American-History-X.html,/Users/pleiadesm./Downloads/IMDB-Terminal/IMDB/movie_locations_corpus/json/tt0120586.json,Tony Kaye,"Los Angeles, California",4
tt0120689,The Green Mile,1999,31,Green-Mile,http://www.movie-locations.com/movies/g/Green-Mile.php,/Users/pleiadesm./Downloads/IMDB-Terminal/IMDB/movie_locations_corpus/html/tt0120689 - Green-Mile.html,/Users/pleiadesm./Downloads/IMDB-Terminal/IMDB/movie_locations_corpus/json/tt0120689.json,Frank Darabont,Tennessee; | North Carolina,3
tt0120737,Lord Of The Rings: The Fellowship Of The Ring,2001,10,Lord-Of-The-Rings-Fellowship-Of-The-Ring,http://www.movie-locations.com/movies/l/Lord-Of-The-Rings-Fellowship-Of-The-Ring.php,/Users/pleiadesm./Downloads/IMDB-Terminal/IMDB/movie_locations_corpus/html/tt0120737 - Lord-Of-The-Rings-Fellowship-Of-The-Ring.html,/Users/pleiadesm./Downloads/IMDB-Terminal/IMDB/movie_locations_corpus/json/tt0120737.json,Peter Jackson,New Zealand,6
tt0120815,Saving Private Ryan,1998,29,Saving-Private-Ryan,http://www.movie-locations.com/movies/s/Saving-Private-Ryan.php,/Users/pleiadesm./Downloads/IMDB-Terminal/IMDB/movie_locations_corpus/html/tt0120815 - Saving-Private-Ryan.html,/Users/pleiadesm./Downloads/IMDB-Terminal/IMDB/movie_locations_corpus/json/tt0120815.json,Steven Spielberg,Republic of Ireland; | Hertfordshire; | Oxfordshire; | Wiltshire; | France,2
tt0133093,The Matrix,1999,22,Matrix,http://www.movie-locations.com/movies/m/Matrix.php,/Users/pleiadesm./Downloads/IMDB-Terminal/IMDB/movie_locations_corpus/html/tt0133093 - Matrix.html,/Users/pleiadesm./Downloads/IMDB-Terminal/IMDB/movie_locations_corpus/json/tt0133093.json,Lilly Wachowski | Lana Wachowski,New South Wales,3
tt0137523,Fight Club,1999,15,Fight-Club,http://www.movie-locations.com/movies/f/Fight-Club.php,/Users/pleiadesm./Downloads/IMDB-Terminal/IMDB/movie_locations_corpus/html/tt0137523 - Fight-Club.html,/Users/pleiadesm./Downloads/IMDB-Terminal/IMDB/movie_locations_corpus/json/tt0137523.json,David Fincher,"Los Angeles, California",12
tt0167260,Lord Of The Rings: The Return Of The King,2003,6,Lord-Of-The-Rings-The-Return-Of-The-King,http://www.movie-locations.com/movies/l/Lord-Of-The-Rings-The-Return-Of-The-King.php,/Users/pleiadesm./Downloads/IMDB-Terminal/IMDB/movie_locations_corpus/html/tt0167260 - Lord-Of-The-Rings-The-Return-Of-The-King.html,/Users/pleiadesm./Downloads/IMDB-Terminal/IMDB/movie_locations_corpus/json/tt0167260.json,Peter Jackson,New Zealand,2
tt0167261,Lord Of The Rings: The Two Towers,2002,18,Lord-Of-The-Rings-The-Two-Towers,http://www.movie-locations.com/movies/l/Lord-Of-The-Rings-The-Two Towers.php,/Users/pleiadesm./Downloads/IMDB-Terminal/IMDB/movie_locations_corpus/html/tt0167261 - Lord-Of-The-Rings-The-Two-Towers.html,/Users/pleiadesm./Downloads/IMDB-Terminal/IMDB/movie_locations_corpus/json/tt0167261.json,Peter Jackson,New Zealand,4
tt0167404,The Sixth Sense,1999,179,Sixth-Sense,http://www.movie-locations.com/movies/s/Sixth-Sense.php,/Users/pleiadesm./Downloads/IMDB-Terminal/IMDB/movie_locations_corpus/html/tt0167404 - Sixth-Sense.html,/Users/pleiadesm./Downloads/IMDB-Terminal/IMDB/movie_locations_corpus/json/tt0167404.json,M Night Shyamalan,"Philadelphia, Pennsylvania",4
tt0169547,American Beauty,1999,119,American-Beauty,http://www.movie-locations.com/movies/a/American-Beauty.php,/Users/pleiadesm./Downloads/IMDB-Terminal/IMDB/movie_locations_corpus/html/tt0169547 - American-Beauty.html,/Users/pleiadesm./Downloads/IMDB-Terminal/IMDB/movie_locations_corpus/json/tt0169547.json,Sam Mendes,"Los Angeles, California",3
tt0172495,Gladiator,2000,47,Gladiator,http://www.movie-locations.com/movies/g/Gladiator.php,/Users/pleiadesm./Downloads/IMDB-Terminal/IMDB/movie_locations_corpus/html/tt0172495 - Gladiator.html,/Users/pleiadesm./Downloads/IMDB-Terminal/IMDB/movie_locations_corpus/json/tt0172495.json,Ridley Scott,Morocco; | Malta; | Surrey,3
tt0180093,Requiem For A Dream,2000,127,Requiem-For-A-Dream,http://www.movie-locations.com/movies/r/Requiem-For-A-Dream.php,/Users/pleiadesm./Downloads/IMDB-Terminal/IMDB/movie_locations_corpus/html/tt0180093 - Requiem-For-A-Dream.html,/Users/pleiadesm./Downloads/IMDB-Terminal/IMDB/movie_locations_corpus/json/tt0180093.json,Darren Aronofsky,New York,6
tt0208092,Snatch,2000,184,Snatch-2000,http://www.movie-locations.com/movies/s/Snatch-2000.php,/Users/pleiadesm./Downloads/IMDB-Terminal/IMDB/movie_locations_corpus/html/tt0208092 - Snatch-2000.html,/Users/pleiadesm./Downloads/IMDB-Terminal/IMDB/movie_locations_corpus/json/tt0208092.json,Guy Ritchie,London,8
tt0209144,Memento,2000,80,Memento,http://www.movie-locations.com/movies/m/Memento.php,/Users/pleiadesm./Downloads/IMDB-Terminal/IMDB/movie_locations_corpus/html/tt0209144 - Memento.html,/Users/pleiadesm./Downloads/IMDB-Terminal/IMDB/movie_locations_corpus/json/tt0209144.json,Christopher Nolan,"Los Angeles, California",5
tt0268978,A Beautiful Mind,2001,180,Beautiful-Mind,http://www.movie-locations.com/movies/b/Beautiful-Mind.php,/Users/pleiadesm./Downloads/IMDB-Terminal/IMDB/movie_locations_corpus/html/tt0268978 - Beautiful-Mind.html,/Users/pleiadesm./Downloads/IMDB-Terminal/IMDB/movie_locations_corpus/json/tt0268978.json,Ron Howard,New York; New Jersey,1
tt0338013,Eternal Sunshine Of The Spotless Mind,2004,122,Eternal-Sunshine-Of-The-Spotless-Mind,http://www.movie-locations.com/movies/e/Eternal-Sunshine-Of-The-Spotless-Mind.php,/Users/pleiadesm./Downloads/IMDB-Terminal/IMDB/movie_locations_corpus/html/tt0338013 - Eternal-Sunshine-Of-The-Spotless-Mind.html,/Users/pleiadesm./Downloads/IMDB-Terminal/IMDB/movie_locations_corpus/json/tt0338013.json,Michel Gondry,New York; | New York State; | New Jersey,2
tt0361748,Inglourious Basterds,2009,78,Inglourious-Basterds,http://www.movie-locations.com/movies/i/Inglourious-Basterds.php,/Users/pleiadesm./Downloads/IMDB-Terminal/IMDB/movie_locations_corpus/html/tt0361748 - Inglourious-Basterds.html,/Users/pleiadesm./Downloads/IMDB-Terminal/IMDB/movie_locations_corpus/json/tt0361748.json,Quentin Tarantino,"Germany; | Paris, France",5
tt0372784,Batman Begins,2005,172,Batman-Begins,http://www.movie-locations.com/movies/b/Batman-Begins.php,/Users/pleiadesm./Downloads/IMDB-Terminal/IMDB/movie_locations_corpus/html/tt0372784 - Batman-Begins.html,/Users/pleiadesm./Downloads/IMDB-Terminal/IMDB/movie_locations_corpus/json/tt0372784.json,Christopher Nolan,Chicago; | London; | Buckinghamshire; | Bedfordshire; | Essex; | Iceland,16
tt0405094,Das Leben Der Anderen (The Lives Of Others),2006,94,Leben-Der-Anderen,http://www.movie-locations.com/movies/l/Leben-Der-Anderen.php,/Users/pleiadesm./Downloads/IMDB-Terminal/IMDB/movie_locations_corpus/html/tt0405094 - Leben-Der-Anderen.html,/Users/pleiadesm./Downloads/IMDB-Terminal/IMDB/movie_locations_corpus/json/tt0405094.json,Florian Henckel von Donnersmarck,Germany,6
tt0407887,The Departed,2006,49,Departed,http://www.movie-locations.com/movies/d/Departed.php,/Users/pleiadesm./Downloads/IMDB-Terminal/IMDB/movie_locations_corpus/html/tt0407887 - Departed.html,/Users/pleiadesm./Downloads/IMDB-Terminal/IMDB/movie_locations_corpus/json/tt0407887.json,Martin Scorsese,"Boston, Massachusetts; New York",12
tt0468569,The Dark Knight,2008,3,Dark-Knight,http://www.movie-locations.com/movies/d/Dark-Knight.php,/Users/pleiadesm./Downloads/IMDB-Terminal/IMDB/movie_locations_corpus/html/tt0468569 - Dark-Knight.html,/Users/pleiadesm./Downloads/IMDB-Terminal/IMDB/movie_locations_corpus/json/tt0468569.json,Christopher Nolan,"Chicago, Illinois; London; Bedfordshire; China",21
tt0477348,No Country For Old Men,2007,177,No-Country-For-Old-Men,http://www.movie-locations.com/movies/n/No-Country-For-Old-Men.php,/Users/pleiadesm./Downloads/IMDB-Terminal/IMDB/movie_locations_corpus/html/tt0477348 - No-Country-For-Old-Men.html,/Users/pleiadesm./Downloads/IMDB-Terminal/IMDB/movie_locations_corpus/json/tt0477348.json,Joel Coen | Ethan Coen,Texas; | New Mexico; | Mexico,2
tt0482571,The Prestige,2006,48,Prestige,http://www.movie-locations.com/movies/p/Prestige.php,/Users/pleiadesm./Downloads/IMDB-Terminal/IMDB/movie_locations_corpus/html/tt0482571 - Prestige.html,/Users/pleiadesm./Downloads/IMDB-Terminal/IMDB/movie_locations_corpus/json/tt0482571.json,Christopher Nolan,"Los Angeles, California",9
tt0816692,Interstellar,2014,21,Interstellar,http://www.movie-locations.com/movies/i/Interstellar.php,/Users/pleiadesm./Downloads/IMDB-Terminal/IMDB/movie_locations_corpus/html/tt0816692 - Interstellar.html,/Users/pleiadesm./Downloads/IMDB-Terminal/IMDB/movie_locations_corpus/json/tt0816692.json,Christopher Nolan,"Alberta; | Iceland; | Los Angeles, California",5
tt0993846,The Wolf Of Wall Street,2012,171,Wolf-Of-Wall-Street,http://www.movie-locations.com/movies/w/Wolf-Of-Wall-Street.php,/Users/pleiadesm./Downloads/IMDB-Terminal/IMDB/movie_locations_corpus/html/tt0993846 - Wolf-Of-Wall-Street.html,/Users/pleiadesm./Downloads/IMDB-Terminal/IMDB/movie_locations_corpus/json/tt0993846.json,Martin Scorsese,New York; | New Jersey,5
tt1130884,Shutter Island,2010,173,Shutter-Island,http://www.movie-locations.com/movies/s/Shutter-Island.php,/Users/pleiadesm./Downloads/IMDB-Terminal/IMDB/movie_locations_corpus/html/tt1130884 - Shutter-Island.html,/Users/pleiadesm./Downloads/IMDB-Terminal/IMDB/movie_locations_corpus/json/tt1130884.json,Martin Scorsese,Massachusetts; | Maine; | California,2
tt12042730,Project Hail Mary,2026,143,Project-Hail-Mary,http://www.movie-locations.com/movies/p/Project-Hail-Mary.php,/Users/pleiadesm./Downloads/IMDB-Terminal/IMDB/movie_locations_corpus/html/tt12042730 - Project-Hail-Mary.html,/Users/pleiadesm./Downloads/IMDB-Terminal/IMDB/movie_locations_corpus/json/tt12042730.json,Phil Lord | Christopher Miller,Cambridgeshire; | Dorset; | Hertfordshire; | Hampshire,3
tt1345836,The Dark Knight Rises,2012,77,Dark-Knight-Rises,http://www.movie-locations.com/movies/d/Dark-Knight-Rises.php,/Users/pleiadesm./Downloads/IMDB-Terminal/IMDB/movie_locations_corpus/html/tt1345836 - Dark-Knight-Rises.html,/Users/pleiadesm./Downloads/IMDB-Terminal/IMDB/movie_locations_corpus/json/tt1345836.json,Christopher Nolan,"Los Angeles, California; | Pittsburgh, Pennsylvania; | New York; | New Jersey; | India; | London; | Scotland; | Wales; | Nottinghamshire; | Bedfordshire; | Essex",21
tt1375666,Inception,2010,14,Inception,http://www.movie-locations.com/movies/i/Inception.php,/Users/pleiadesm./Downloads/IMDB-Terminal/IMDB/movie_locations_corpus/html/tt1375666 - Inception.html,/Users/pleiadesm./Downloads/IMDB-Terminal/IMDB/movie_locations_corpus/json/tt1375666.json,Christopher Nolan,"Los Angeles, California; | Paris, France; | London; | Bedfordshire; | Hampshire; | Surrey; | Morocco; | Alberta; | Japan",21
tt15398776,Oppenheimer,2023,183,Oppenheimer,http://www.movie-locations.com/movies/o/Oppenheimer.php,/Users/pleiadesm./Downloads/IMDB-Terminal/IMDB/movie_locations_corpus/html/tt15398776 - Oppenheimer.html,/Users/pleiadesm./Downloads/IMDB-Terminal/IMDB/movie_locations_corpus/json/tt15398776.json,Christopher Nolan,"New Mexico; | Los Angeles, California; | New Jersey; | Cambridgeshire, UK; | Switzerland",7
tt1853728,Django Unchained,2013,46,Django-Unchained,http://www.movie-locations.com/movies/d/Django-Unchained.php,/Users/pleiadesm./Downloads/IMDB-Terminal/IMDB/movie_locations_corpus/html/tt1853728 - Django-Unchained.html,/Users/pleiadesm./Downloads/IMDB-Terminal/IMDB/movie_locations_corpus/json/tt1853728.json,Quentin Tarantino,California; Louisiana; Wyoming,4
tt4154756,Avengers: Infinity War,2018,81,Avengers-Infinity-War,http://www.movie-locations.com/movies/a/Avengers-Infinity-War.php,/Users/pleiadesm./Downloads/IMDB-Terminal/IMDB/movie_locations_corpus/html/tt4154756 - Avengers-Infinity-War.html,/Users/pleiadesm./Downloads/IMDB-Terminal/IMDB/movie_locations_corpus/json/tt4154756.json,Anthony Russo | Joe Russo,Scotland; | Brazil; | Philippines,13
tt4154796,Avengers: Endgame,2019,79,Avengers-Endgame,http://www.movie-locations.com/movies/a/Avengers-Endgame.php,/Users/pleiadesm./Downloads/IMDB-Terminal/IMDB/movie_locations_corpus/html/tt4154796 - Avengers-Endgame.html,/Users/pleiadesm./Downloads/IMDB-Terminal/IMDB/movie_locations_corpus/json/tt4154796.json,Anthony Russo; | Joe Russo,"Atlanta, Georgia; | New York State; | Scotland; | Durham",6
tt7286456,Joker,2019,118,Joker-2019,http://www.movie-locations.com/movies/j/Joker-2019.php,/Users/pleiadesm./Downloads/IMDB-Terminal/IMDB/movie_locations_corpus/html/tt7286456 - Joker-2019.html,/Users/pleiadesm./Downloads/IMDB-Terminal/IMDB/movie_locations_corpus/json/tt7286456.json,Todd Phillips,New York; | New Jersey,9
tt8579674,1917,2020,190,1917,http://www.movie-locations.com/movies/0/1917.php,/Users/pleiadesm./Downloads/IMDB-Terminal/IMDB/movie_locations_corpus/html/tt8579674 - 1917.html,/Users/pleiadesm./Downloads/IMDB-Terminal/IMDB/movie_locations_corpus/json/tt8579674.json,Sam Mendes,Wiltshire; | Oxfordshire; | Hertfordshire; | County Durham; | Scotland,5
